<xml version="1.0" encoding="UTF-8">
<modification>
  <name>Opencart Weather module</name>
  <code>opencart_weater</code>
  <version>1.0.0</version>
  <author>Denis</author>
  <link>https://t.me/dhljob</link>

  <file path="catalog/view/theme/*/template/product/product.twig">
    <operation>
      <search><![CDATA[<h1>{{ heading_title }}</h1>]]></search>
      <add position="after">
        <![CDATA[
          <form class="module-weather" id="module_weather">
              <fieldset>
                <legend>Weather module</legend>
                <ul>
                  <li>
                    <div class="form-group">
                      <label class="col-sm-2 control-label">Ключ</label>
                      <div class="col-sm-10">
                        <input type="text" name="key" placeholder="appid" class="form-control">
                      </div>
                    </div>
                  </li>
                  <li>
                    <div class="form-group">
                      <label class="col-sm-2 control-label">Город</label>
                      <div class="col-sm-10">
                        <input type="text" name="city" placeholder="Город на латинице" class="form-control">
                      </div>
                    </div>
                  </li>
                </ul>
              </fieldset>
              
              <button type="submit">Get weater</button>
          </form>
          <div id="module_weather_result"></div>
          <link href="catalog/view/javascript/weather/weather.css" rel="stylesheet" type="text/css" />
          <script src="catalog/view/javascript/weather/weather.js" type="text/javascript"></script>
        ]]>
      </add>
    </operation>
  </file>

</modification>
</xml>